Workbook

Sheet 需填写的
A1: 人员信息表
A2: 深圳无界智航科技有限公司
A3: 岗位名称： | E3: 入职日期：
A4: 个人基本情况
A5: 姓 名 | C5: 性 别 | E5: 民 族
A6: 户籍所在地 | C6: 婚育状况 | E6: 联系电话
A7: 电 子 邮 箱 | E7: 政治面貌
A8: 身份证号码 | D8: 首次参加工作时间
A9: 身份证地址
A10: 发 证 机 关 | D10: 证件有效期
A11: 在深家庭住址
A12: 社保账号（电脑号） | E12: 公积金账号
A13: 平安银行卡号 | E13: 开户行网点
A14: 家庭基本情况
A15: 成员姓名 | B15: 联系方式 | C15: 与本人关系 | D15: 工作单位及城市 | G15: 职业
A19: 紧急 联络人信息 | B19: 联系人姓名： | D19: 关系： | F19: 电话：
B20: 在深家庭住址：
A21: 教育经历（大学及以上学习经历，由高至低填写）
A22: 起止日期 | C22: 院校名称 | E22: 专业 | G22: 学 历
A26: 工作经历（由近至远填写）
A27: 就职期限 | C27: 公司名称 | E27: 就职部门 | F27: 职位 | G27: 离职原因
C29: ·
A31: 工作经历证明信息（由近至远)
A32: 公司名称 | C32: 直接上级姓名及职务 | E32: 联系方式 | F32: 公司总机 | G32: HR证明人
A36: 户籍类型 | B36: ¨本市城镇 ¨本市农村 ¨外埠城镇 ¨外埠农村
A37: 是否在深圳缴纳过社保：□是 ¨否 | E37: 健康状况：□良好 ¨其他
A38: 是否签署过“竞业禁止”类协议？ ¨是（该协议有效期截止至 ） □否
A39: 是否有过犯罪记录或因各种原因被雇主免职/开除？ ¨是（雇主名称： ） □否
A40: 个人声明：本人同意单位或第三方做我本人的背景调查,并承诺提供的相关信息真实有效;如若提供虚假信息，本人愿意承担由此产生的相关责任。我授权持有或了解有关情况的机构和个人向我司第三方如实披露相关信息，并免除上述机构和个人在信息提供过程中可能产生的法律责任。我承诺我所提供的信息真实可信，如有虚假我愿承担一切后果。
A41: 本人签字： | D41: 日期：

Sheet Sheet1
A1: 离职日期 | B1: 主体 | C1: 员工状态 | D1: 员工类型1 | E1: 员工类型2 | F1: 姓名 | G1: 员工编号 | H1: 姓名2 | I1: 入职日期 | J1: 离职日期2 | K1: 转正日期 | L1: 试用期限 | M1: 合同到期日 | N1: 合同期限 | O1: 在职年限 | P1: 办公地点 | Q1: 职位名称 | R1: 1级部门 | S1: 2级部门 | T1: 3级部门 | U1: 4级部门 | V1: 试用期薪资 | W1: 转正薪资 | X1: 劳务薪资 | Y1: 日工资 | Z1: 餐补（天计） | AA1: 电脑补助（月计） | AB1: 手机号 | AC1: 邮箱 | AD1: 身份证姓名 | AE1: 证件号码 | AF1: 发证机关 | AG1: 证件有效期 | AH1: 证件是否过期 | AI1: 出生日期 | AJ1: 年龄 | AK1: 性别 | AL1: 民族 | AM1: 婚姻状况 | AN1: 首次参加工作时间 | AO1: 户籍类型 | AP1: 户籍所在地 | AQ1: 身份证地址2 | AR1: 现住址 | AS1: 父亲姓名 | AT1: 父亲联系方式 | AU1: 父亲工作单位及城市 | AV1: 父亲1职业 | AW1: 母亲姓名 | AX1: 母亲联系方式 | AY1: 母亲工作单位及城市 | AZ1: 母亲职业 | BA1: 其他亲属 | BB1: 其他联系方式 | BC1: 其他亲属工作单位及城市 | BD1: 其他亲属职业 | BE1: 在京紧急联络人 | BF1: 关系 | BG1: 在京联络人电话 | BH1: 在京联络人地址 | BI1: 政治面貌 | BJ1: 社保类型 | BK1: 五险一金转入时间 | BL1: 五险一金转出时间 | BM1: 最高学历 | BN1: 毕业院校 | BO1: 毕业时间 | BP1: 文/理科 | BQ1: 所学专业 | BR1: 上家公司 | BS1: 身份证姓名3 | BT1: 招行卡号
B2: =需填写的!A2 -> 深圳无界智航科技有限公司 | F2: =需填写的!B5 -> 0 | H2: =F2 -> 0 | Q2: =需填写的!B3 -> 0 | AB2: =需填写的!F6 -> 0 | AC2: =需填写的!B7 -> 0 | AD2: =F2 -> 0 | AE2: =需填写的!B8 -> 0 | AF2: =需填写的!B10 -> 0 | AG2: =需填写的!E10 -> 0 | AI2: =TEXT((LEN(AE2)=15)*19&MID(AE2,7,6+(LEN(AE2)=18)*2),"#-00-00") -> -00-00 | AJ2: =DATEDIF(TEXT((LEN(AE2)=15)*19&MID(AE2,7,6+(LEN(AE2)=18)*2),"#-00-00"),TODAY(),"y") -> #VALUE! | AK2: =IF(MOD(MID(AE2,17,1),2),"男","女") -> #VALUE! | AL2: =需填写的!F5 -> 0 | AM2: =需填写的!D6 -> 0 | AN2: =需填写的!F8 -> 0 | AP2: =需填写的!B6 -> 0 | AQ2: =需填写的!B9 -> 0 | AR2: =需填写的!B11 -> 0 | AS2: =需填写的!A16 -> 0 | AT2: =需填写的!B16 -> 0 | AU2: =需填写的!D16 -> 0 | AV2: =需填写的!G16 -> 0 | AW2: =需填写的!A17 -> 0 | AX2: =需填写的!B17 -> 0 | AY2: =需填写的!D17 -> 0 | AZ2: =需填写的!G17 -> 0 | BA2: =需填写的!A18 -> 0 | BB2: =需填写的!B18 -> 0 | BC2: =需填写的!D18 -> 0 | BD2: =需填写的!G18 -> 0 | BE2: =需填写的!C19 -> 0 | BF2: =需填写的!E19 -> 0 | BG2: =需填写的!G19 -> 0 | BH2: =需填写的!C20 -> 0 | BI2: =需填写的!F7 -> 0 | BM2: =需填写的!G23 -> 0 | BN2: =需填写的!C23 -> 0 | BQ2: =需填写的!E23 -> 0 | BR2: =需填写的!C28 -> 0 | BS2: =F2 -> 0 | BT2: =需填写的!B13 -> 0
